axis,vector_type,layer,coeff,bbq_accuracy,mmlu_accuracy,bbq_s_dis,bbq_s_amb,mmlu_total_questions,mmlu_correct_answers,stereoset_skipped,crows_bias_type,crows_bias_score,crows_stereo_bias_score,crows_antistereo_bias_score,crows_total_pairs,crows_stereo_pairs,crows_antistereo_pairs,clear_bias_skipped,crows_skipped,stereoset_ss_score,stereoset_lm_score,stereoset_icat_score,stereoset_pro_stereotype_count,stereoset_related_better_count,stereoset_total_pairs
age,train+prompt,14,1.8,0.6733333333333333,0.4664602683178535,0.56,0.202,969,452,True,age,0.7471264367816092,0.7945205479452054,0.5,87.0,73.0,14.0,True,,,,,,,
appearance,train+prompt,13,1.6,0.6233333333333333,0.4809081527347781,0.333,0.123,969,466,True,,,,,,,,True,True,,,,,,
disability,train+prompt,14,1.6,0.66,0.4633642930856553,0.433,0.165,969,449,True,,,,,,,,True,True,,,,,,
gender,train+prompt,13,1.8,0.67,0.45098039215686275,0.246,0.071,969,437,,gender,0.6221374045801527,0.6792452830188679,0.5339805825242718,262.0,159.0,103.0,,,63.983903420523134,86.72032193158954,62.46654980182909,318.0,431.0,497.0
nationality,train+prompt,13,1.6,0.6933333333333334,0.4809081527347781,0.675,0.263,969,466,True,nationality,0.6163522012578616,0.6013513513513513,0.8181818181818182,159.0,148.0,11.0,True,,,,,,,
race,train+prompt,14,2.0,0.645,0.47058823529411764,0.509,0.204,969,456,,race-color,0.689922480620155,0.6976744186046512,0.6046511627906976,516.0,473.0,43.0,,,61.50670794633643,89.47368421052632,68.88273314866113,1192.0,1734.0,1938.0
religion,train+prompt,13,1.6,0.58,0.47368421052631576,0.156,0.073,969,459,,religion,0.7238095238095238,0.7272727272727273,0.6666666666666666,105.0,99.0,6.0,True,,45.85987261146497,91.0828025477707,83.54091443871964,72.0,143.0,157.0
socioeconomic,train+prompt,13,1.6,0.6533333333333333,0.45717234262125905,0.096,0.028,969,443,True,socioeconomic,0.7383720930232558,0.7707006369426752,0.4,172.0,157.0,15.0,True,,,,,,,
