layer,bbq_correct,bbq_accuracy
1,162,0.54
2,177,0.59
3,203,0.6766666666666666
4,208,0.6933333333333334
5,209,0.6966666666666667
6,205,0.6833333333333333
7,192,0.64
8,198,0.66
9,208,0.6933333333333334
10,205,0.6833333333333333
11,207,0.69
12,206,0.6866666666666666
13,203,0.6766666666666666
14,200,0.6666666666666666
15,201,0.67
16,205,0.6833333333333333
17,204,0.68
18,203,0.6766666666666666
19,202,0.6733333333333333
20,203,0.6766666666666666
21,203,0.6766666666666666
22,202,0.6733333333333333
23,202,0.6733333333333333
24,202,0.6733333333333333
25,202,0.6733333333333333
26,203,0.6766666666666666
27,203,0.6766666666666666
28,203,0.6766666666666666
29,203,0.6766666666666666
30,203,0.6766666666666666
31,203,0.6766666666666666
